Date,ID
2025-09-15,SM7daLl4jSIHAgHI
2025-09-16,QljRG4CQDXn6fvKH
2025-09-17,BilWLpG7MVjCQ5vG
2025-09-18,5jVRZNjCGhbS8kTe
2025-09-19,1t2qfn0A9Dx8XjxA
2025-09-22,0MlHKRXpXfBhoK7O
2025-09-23,UgurVhKR2lIXno8X
2025-09-24,kbLbXr88tWNdpBkj
2025-09-25,PqoTaMjigxQTTND3
2025-09-26,seN0hHsmhUzJNGg1
2025-09-29,hDqJPWffHGSnlbEn
2025-09-30,HHuznF3W3DYd7cgI
2025-10-01,1pykTr0U0lqWgmfB
2025-10-02,UZcoQR6k0N91cq6G
2025-10-03,2QmtGgFKnnyvcfSf
2025-10-06,9HxULKcrjG6uKA33
2025-10-07,95E1A62JQy6r0D2v
2025-10-08,PyQtNg8R9HOxDI8f
2025-10-09,9uqK9dNrYhcxtWUg
2025-10-10,RmiwW8IR92WARjXs
2025-10-13,MhRWH6iyTUNLJgmE
2025-10-14,mpm0k51OMq6PKGdu
2025-10-15,6PXQTVPQvVxb4xuS
2025-10-16,0Ol40CFCdR7CN7HC
2025-10-17,ZdDE6UkylfAjmY6W
2025-10-20,Tm88yhLKuxNAmdyy
2025-10-21,Pcm0p40QxqVCATET
2025-10-22,37m7I1p5KmyMaAGg
2025-10-23,7WLLLrLggsVzCASb
2025-10-24,c5KblMwpxOAQIMCD
2025-10-27,o7Wa3KYZwpd0A2iW
2025-10-28,MOINgVx1o4Rkk929
2025-10-29,ksx7db1PPSYt1EzU
2025-10-30,EPXrjwr6OUuG0JGG
2025-10-31,bHAllwZphwqwKfMK
2025-11-03,1A8Jh5q4TsueZRIQ
2025-11-04,1s7xMlu3XVH5SA5D
2025-11-05,KeYaFWF6hI42Hjeo
2025-11-06,QjuEx0r5ammhMTEL
2025-11-06,3FNHFWBj3XGrA2xg
2025-11-09,pgsIqrp0roDroGoZ
2025-11-10,6BW7z65GfVvVoJ7V
2025-11-11,GUz7seyw9hp6jiNT
2025-11-13,JZYpJiBtgVApRUS6
2025-11-14,mJcTPmOYhngImT2H
2025-11-17,YlMLZkNuHZk1oAPk
2025-11-18,n3bCaZzGlLbS5UiW
2025-11-19,h3KhLYJZvNpNccaR
2025-11-20,5xZMeXglODRd6I6n
2025-11-21,dZPB4tgJrv2ByvML
2025-11-24,OwphsKHjrLae40J4
2025-11-25,0kzwodRqPZA4u11d
2025-11-26,PrQpUZVCzfyprCj9
2025-11-27,yH30sCKey6lJqVYw
2025-11-28,11YU5GBI0GmPJrKe
2025-12-01,T0JAscOi2OzE0U7w
2025-12-02,DzmRmLmra4jyX5Z4
2025-12-03,TuAyI2kP3eKiSrHH
2025-12-04,YXvQWVcvrlKcb0zb
2025-12-05,eV6gI9IOsNYlELzI
2025-12-08,qXjlABS8XItzQsLl
2025-12-09,jHsv2NL4xj7HBQK9
2025-12-10,o23wKRuxBAllt3ho
2025-12-11,DEKEkDQCA0MT4gWb
2025-12-12,uQaxzLEChS3res1A
2026-01-19,E5E6bmMfGZQJDomA
2026-01-20,fGRTSIgpjbiSFUkC
2026-01-21,Bl0hCwUZUGAvzEt7
2026-01-22,1o9REHVnWUEI60RL
2026-01-23,1feodwZyaVXdEGrv
2026-01-26,3lRqLv8FvVBArJs9
2026-01-27,zRP193LhziFsIZeK
2026-01-28,FpxfEyXydTyi1Dtl
2026-01-28,FpxfEyXydTyi1Dtl
2026-01-29,FpxfEyXydTyi1Dtl
2026-01-29,FpxfEyXydTyi1Dtl
2026-01-30,FpxfEyXydTyi1Dtl
2026-01-31,FpxfEyXydTyi1Dtl
2026-02-01,FpxfEyXydTyi1Dtl
